{"cameraMode":{"drawMode":0,"name":"Shaded","section":"Shading Mode"},"sceneLighting":false,"audioPlay":false,"sceneViewState":{"m_AlwaysRefresh":false,"showFog":true,"showSkybox":false,"showFlares":true,"showImageEffects":true,"showParticleSystems":true,"showVisualEffectGraphs":true,"m_FxEnabled":true},"in2DMode":false,"pivot":{"x":-0.4865422248840332,"y":-0.8327309489250183,"z":-0.3618333041667938},"rotation":{"x":-0.29221636056900027,"y":-0.44551730155944826,"z":0.15641483664512635,"w":-0.8317510485649109},"size":0.08413837850093842,"orthographic":false}