{"cameraMode":{"drawMode":0,"name":"Shaded","section":"Shading Mode"},"sceneLighting":false,"audioPlay":false,"sceneViewState":{"m_AlwaysRefresh":false,"showFog":true,"showSkybox":false,"showFlares":true,"showImageEffects":true,"showParticleSystems":true,"showVisualEffectGraphs":true,"m_FxEnabled":true},"in2DMode":false,"pivot":{"x":0.7958421111106873,"y":-1.1236339807510377,"z":-3.0113439559936525},"rotation":{"x":-0.006325474474579096,"y":-0.9866176843643189,"z":0.03575245290994644,"w":-0.1598636507987976},"size":2.742100954055786,"orthographic":false}